imagen,correcta
./completed_changuitos/montage_jcnfb_51.2_59.15.jpg,right
./completed_changuitos/montage_eemdm_995.0_865.0.jpg,left
./completed_changuitos/montage_gerhz_725.89_619.0.jpg,left
./completed_changuitos/montage_gisxa_69.9_60.99.jpg,left
./completed_changuitos/montage_ggvmq_29.45_34.15.jpg,right
./completed_changuitos/montage_ykojr_139.59_119.85.jpg,left
./completed_changuitos/montage_pkrlx_169.0_148.75.jpg,left
./completed_changuitos/montage_vsivv_119.85_137.5.jpg,right
./completed_changuitos/montage_ngvgs_58.85_66.35.jpg,right
./completed_changuitos/montage_oswyz_344.55_294.25.jpg,left
./completed_changuitos/montage_csojv_39.59_35.0.jpg,left
./completed_changuitos/montage_pnyeg_174.65_203.85.jpg,right
./completed_changuitos/montage_zzdge_39.59_44.69.jpg,right
./completed_changuitos/montage_gvtsp_63.65_54.79.jpg,left
./completed_changuitos/montage_eirxh_96.85_113.99.jpg,right
./completed_changuitos/montage_voxxw_96.19_84.55.jpg,left
./completed_changuitos/montage_weksd_579.0_509.35.jpg,left
./completed_changuitos/montage_ghhqy_499.15_438.9.jpg,left
./completed_changuitos/montage_oqdpx_64.9_73.5.jpg,right
./completed_changuitos/montage_auoot_55.65_64.75.jpg,right
./completed_changuitos/montage_xkfku_23.55_27.39.jpg,right
./completed_changuitos/montage_dxeto_199.9_233.25.jpg,right
./completed_changuitos/montage_qymbc_59.9_67.95.jpg,right
./completed_changuitos/montage_rxxuf_22.82_26.07.jpg,right
./completed_changuitos/montage_gemym_213.99_245.69.jpg,right
./completed_changuitos/montage_tfanv_50.85_44.95.jpg,left
./completed_changuitos/montage_dnfcr_90.95_79.19.jpg,left
./completed_changuitos/montage_mwfkp_112.35_131.6.jpg,right
./completed_changuitos/montage_jbcck_191.55_166.85.jpg,left
./completed_changuitos/montage_lceqc_146.19_171.09.jpg,right
./completed_changuitos/montage_jbcut_128.95_148.75.jpg,right
./completed_changuitos/montage_ejiim_131.6_116.65.jpg,left
./completed_changuitos/montage_qesyu_188.25_164.79.jpg,left
./completed_changuitos/montage_vbbut_139.0_119.85.jpg,left
./completed_changuitos/montage_bjlka_28.9_33.5.jpg,right
./completed_changuitos/montage_dfaek_105.39_93.89.jpg,left
./completed_changuitos/montage_bpbms_304.95_266.45.jpg,left
./completed_changuitos/montage_gemxx_90.85_79.0.jpg,left
./completed_changuitos/montage_ttosj_58.85_51.4.jpg,left
./completed_changuitos/montage_poznq_131.89_151.79.jpg,right
./completed_changuitos/montage_awuhb_67.3_75.99.jpg,right
./completed_changuitos/montage_snfwb_296.39_255.75.jpg,left
./completed_changuitos/montage_msbiz_110.75_128.29.jpg,right
./completed_changuitos/montage_tmfes_86.69_99.0.jpg,right
./completed_changuitos/montage_egacw_149.79_171.19.jpg,right
./completed_changuitos/montage_zulqg_131.6_148.75.jpg,right
./completed_changuitos/montage_hpknr_139.09_160.49.jpg,right
./completed_changuitos/montage_xnjyz_176.55_151.69.jpg,left
./completed_changuitos/montage_vnega_160.49_141.79.jpg,left
./completed_changuitos/montage_hmghc_70.65_62.05.jpg,left
./completed_changuitos/montage_yqsji_21.95_25.9.jpg,right
./completed_changuitos/montage_ydaal_294.25_345.5.jpg,right
./completed_changuitos/montage_ecnrg_128.49_150.79.jpg,right
./completed_changuitos/montage_kbzhy_62.05_70.65.jpg,right
./completed_changuitos/montage_cqtwc_98.45_113.35.jpg,right
./completed_changuitos/montage_yfuxc_268.59_319.95.jpg,right
./completed_changuitos/montage_wtbet_46.99_54.59.jpg,right
./completed_changuitos/montage_lnays_125.19_110.1.jpg,left
./completed_changuitos/montage_irujz_224.59_256.79.jpg,right
./completed_changuitos/montage_pgkgs_59.0_68.39.jpg,right
./completed_changuitos/montage_tukly_58.75_65.19.jpg,right
./completed_changuitos/montage_bfrml_95.75_83.99.jpg,left
./completed_changuitos/montage_cpmfo_390.0_341.35.jpg,left
./completed_changuitos/montage_okgzx_115.55_100.05.jpg,left
./completed_changuitos/montage_arjki_62.05_55.65.jpg,left
./completed_changuitos/montage_ayzuc_233.25_199.9.jpg,left
./completed_changuitos/montage_ritre_124.15_146.49.jpg,right
./completed_changuitos/montage_nynjt_31.67_35.95.jpg,right
./completed_changuitos/montage_wnbii_300.69_262.15.jpg,left
./completed_changuitos/montage_nugmq_27.29_23.55.jpg,left
./completed_changuitos/montage_gbilp_207.49_232.19.jpg,right
./completed_changuitos/montage_ftwmd_46.0_40.35.jpg,left
./completed_changuitos/montage_mtbfh_61.55_53.49.jpg,left
./completed_changuitos/montage_tacrp_112.25_126.25.jpg,right
./completed_changuitos/montage_stlyl_108.09_125.19.jpg,right
./completed_changuitos/montage_ysaxu_57.05_66.05.jpg,right
./completed_changuitos/montage_tvygo_73.3_66.25.jpg,left
./completed_changuitos/montage_fgvro_157.29_179.75.jpg,right
./completed_changuitos/montage_opoko_67.4_57.79.jpg,left
./completed_changuitos/montage_dgzhn_150.89_133.95.jpg,left
./completed_changuitos/montage_nsxnf_57.79_67.4.jpg,right
./completed_changuitos/montage_pckfs_28.45_32.09.jpg,right
./completed_changuitos/montage_jrrxt_32.55_37.45.jpg,right
./completed_changuitos/montage_zymus_146.59_126.99.jpg,left
./completed_changuitos/montage_noqou_90.95_80.25.jpg,left
./completed_changuitos/montage_rqola_402.85_469.9.jpg,right
./completed_changuitos/montage_kufts_88.85_76.49.jpg,left
./completed_changuitos/montage_yzfoz_77.05_64.95.jpg,left
./completed_changuitos/montage_urlbn_569.0_659.0.jpg,right
./completed_changuitos/montage_ddsgj_226.29_198.49.jpg,left
./completed_changuitos/montage_xxddk_61.55_69.0.jpg,right
./completed_changuitos/montage_rcrca_74.89_88.95.jpg,right
./completed_changuitos/montage_pmchz_73.85_84.55.jpg,right
./completed_changuitos/montage_qutcx_384.15_334.9.jpg,left
./completed_changuitos/montage_yfiqs_192.59_171.09.jpg,left
./completed_changuitos/montage_rztrg_92.05_79.7.jpg,left
./completed_changuitos/montage_unedg_83.45_72.75.jpg,left
./completed_changuitos/montage_oebdv_64.09_74.89.jpg,right
./completed_changuitos/montage_gauef_51.35_57.79.jpg,right
./completed_changuitos/montage_ywzlj_71.9_62.05.jpg,left
./completed_changuitos/montage_srenq_108.09_122.55.jpg,right
./completed_changuitos/montage_fazfn_29.95_33.95.jpg,right
./completed_changuitos/montage_xjbgj_46.0_52.45.jpg,right
./completed_changuitos/montage_ohgap_119.99_105.19.jpg,left
./completed_changuitos/montage_vrmgd_46.99_55.45.jpg,right
./completed_changuitos/montage_fuuvx_48.49_57.05.jpg,right
./completed_changuitos/montage_hkkzs_96.19_109.89.jpg,right
./completed_changuitos/montage_ohahd_179.75_153.55.jpg,left
./completed_changuitos/montage_fosxd_22.82_25.59.jpg,right
./completed_changuitos/montage_hdfiy_109.69_94.15.jpg,left
./completed_changuitos/montage_mwoak_142.2_162.65.jpg,right
./completed_changuitos/montage_bzkes_354.19_406.59.jpg,right
./completed_changuitos/montage_qrmbw_150.89_126.99.jpg,left
./completed_changuitos/montage_cnwoz_63.15_55.65.jpg,left
./completed_changuitos/montage_qahsy_304.95_345.5.jpg,right
./completed_changuitos/montage_yxjph_799.0_699.0.jpg,left
./completed_changuitos/montage_jloth_149.79_130.05.jpg,left
./completed_changuitos/montage_bejkl_137.5_157.29.jpg,right
./completed_changuitos/montage_wipay_53.49_62.05.jpg,right
./completed_changuitos/montage_wcmtp_64.09_54.79.jpg,left
./completed_changuitos/montage_btlkv_345.5_293.19.jpg,left
./completed_changuitos/montage_xdegg_96.19_113.19.jpg,right
./completed_changuitos/montage_skawr_95.93_112.35.jpg,right
./completed_changuitos/montage_hajlu_366.69_419.0.jpg,right
./completed_changuitos/montage_djeez_90.99_79.19.jpg,left
./completed_changuitos/montage_bvdsd_67.19_59.19.jpg,left
./completed_changuitos/montage_fopdz_85.59_72.9.jpg,left
./completed_changuitos/montage_psdcb_139.1_120.9.jpg,left
./completed_changuitos/montage_okwus_90.95_103.69.jpg,right
./completed_changuitos/montage_atnzp_187.79_214.95.jpg,right
./completed_changuitos/montage_rwupb_75.89_86.05.jpg,right
./completed_changuitos/montage_gbpaa_139.09_158.35.jpg,right
./completed_changuitos/montage_djmfo_45.9_40.65.jpg,left
./completed_changuitos/montage_fshkp_288.89_328.49.jpg,right
./completed_changuitos/montage_yxyco_366.69_427.99.jpg,right
./completed_changuitos/montage_rxvzj_417.89_362.75.jpg,left
./completed_changuitos/montage_whibm_53.49_47.85.jpg,left
./completed_changuitos/montage_btgkz_341.35_293.19.jpg,left
./completed_changuitos/montage_docgw_85.09_75.89.jpg,left
./completed_changuitos/montage_ctlmw_61.95_70.65.jpg,right
./completed_changuitos/montage_dwhty_57.59_48.69.jpg,left
./completed_changuitos/montage_pplxq_102.19_114.0.jpg,right
./completed_changuitos/montage_qsxuw_232.19_268.59.jpg,right
./completed_changuitos/montage_aixpp_80.25_90.4.jpg,right
./completed_changuitos/montage_wnrkl_61.55_53.49.jpg,left
./completed_changuitos/montage_xvqov_233.25_266.35.jpg,right
./completed_changuitos/montage_gdkkk_81.35_71.45.jpg,left
./completed_changuitos/montage_sfarx_69.55_60.49.jpg,left
./completed_changuitos/montage_bbubm_61.55_69.55.jpg,right
./completed_changuitos/montage_htwko_331.69_285.69.jpg,left
./completed_changuitos/montage_tixbw_44.65_51.69.jpg,right
./completed_changuitos/montage_iofbu_110.2_95.59.jpg,left
./completed_changuitos/montage_jcjig_328.49_366.69.jpg,right
./completed_changuitos/montage_kpztr_116.65_101.65.jpg,left
./completed_changuitos/montage_pssky_35.5_40.55.jpg,right
./completed_changuitos/montage_hwawr_67.19_57.69.jpg,left
./completed_changuitos/montage_xkdll_75.89_65.59.jpg,left
./completed_changuitos/montage_dwmwu_59.39_67.4.jpg,right
./completed_changuitos/montage_sfali_92.45_106.99.jpg,right
./completed_changuitos/montage_cnlsi_99.4_113.99.jpg,right
./completed_changuitos/montage_jpcqt_331.69_390.0.jpg,right
./completed_changuitos/montage_ixvld_67.19_76.85.jpg,right
./completed_changuitos/montage_illgm_72.75_63.15.jpg,left
./completed_changuitos/montage_dzomj_112.25_131.6.jpg,right
./completed_changuitos/montage_dhnnx_103.79_117.7.jpg,right
./completed_changuitos/montage_elnwo_236.49_203.3.jpg,left
./completed_changuitos/montage_munww_83.35_95.25.jpg,right
./completed_changuitos/montage_hoety_70.65_81.2.jpg,right
./completed_changuitos/montage_vbwsm_68.49_78.65.jpg,right
./completed_changuitos/montage_jliqg_41.09_35.2.jpg,left
./completed_changuitos/montage_bsmit_81.2_69.55.jpg,left
./completed_changuitos/montage_pckle_96.3_111.19.jpg,right
./completed_changuitos/montage_ljxlq_334.9_293.19.jpg,left
./completed_changuitos/montage_dswvo_80.25_68.39.jpg,left
./completed_changuitos/montage_ujnko_66.05_73.5.jpg,right
./completed_changuitos/montage_omyqx_32.1_36.9.jpg,right
./completed_changuitos/montage_flegg_129.49_147.29.jpg,right
./completed_changuitos/montage_cbzyg_80.05_69.55.jpg,left
./completed_changuitos/montage_ukzya_149.79_175.89.jpg,right
./completed_changuitos/montage_rckmj_77.45_67.4.jpg,left
./completed_changuitos/montage_tgzqm_173.4_201.05.jpg,right
./completed_changuitos/montage_nbapz_81.35_70.65.jpg,left
./completed_changuitos/montage_cxrck_131.6_150.89.jpg,right
./completed_changuitos/montage_hwdku_114.49_127.9.jpg,right
./completed_changuitos/montage_hsjqx_171.2_199.9.jpg,right
./completed_changuitos/montage_oyuxr_46.99_55.65.jpg,right
./completed_changuitos/montage_oafuz_200.09_233.09.jpg,right
./completed_changuitos/montage_hopgl_42.79_37.69.jpg,left
./completed_changuitos/montage_ytzxc_300.69_345.6.jpg,right
./completed_changuitos/montage_vyfgo_28.69_24.6.jpg,left
./completed_changuitos/montage_gfqwx_42.25_48.49.jpg,right
./completed_changuitos/montage_kpgih_46.0_39.59.jpg,left
./completed_changuitos/montage_hfcfx_81.35_70.65.jpg,left
./completed_changuitos/montage_hlrfn_126.25_145.0.jpg,right
./completed_changuitos/montage_knjwz_79.19_92.85.jpg,right
./completed_changuitos/montage_whxoa_427.99_367.55.jpg,left
./completed_changuitos/montage_tmtke_125.19_109.89.jpg,left
./completed_changuitos/montage_alhrk_63.05_71.19.jpg,right
./completed_changuitos/montage_wkiif_73.3_64.19.jpg,left
./completed_changuitos/montage_mfodz_80.05_69.0.jpg,left
./completed_changuitos/montage_ldfgo_153.55_138.05.jpg,left
./completed_changuitos/montage_zhmoo_49.25_57.8.jpg,right
./completed_changuitos/montage_xehtl_240.75_214.99.jpg,left
./completed_changuitos/montage_qdgkc_159.45_135.89.jpg,left
./completed_changuitos/montage_rhxzn_28.45_32.75.jpg,right
./completed_changuitos/montage_mshlc_68.49_77.59.jpg,right
./completed_changuitos/montage_oczcc_46.0_53.49.jpg,right
./completed_changuitos/montage_whfrw_46.66_52.35.jpg,right
./completed_changuitos/montage_sayhj_81.85_96.3.jpg,right
./completed_changuitos/montage_yyokc_213.99_189.09.jpg,left
./completed_changuitos/montage_sprdb_55.65_48.49.jpg,left
./completed_changuitos/montage_ayhag_192.59_166.39.jpg,left
./completed_changuitos/montage_yfnjr_74.0_64.19.jpg,left
./completed_changuitos/montage_kzmku_200.09_177.65.jpg,left
./completed_changuitos/montage_daznz_84.55_99.5.jpg,right
./completed_changuitos/montage_ufiyh_104.1_117.69.jpg,right
./completed_changuitos/montage_vwxqi_476.15_555.35.jpg,right
./completed_changuitos/montage_crvfa_188.25_220.45.jpg,right
./completed_changuitos/montage_msdlx_197.95_175.49.jpg,left
./completed_changuitos/montage_mrmgw_289.0_255.75.jpg,left
./completed_changuitos/montage_xppvd_125.19_106.99.jpg,left
./completed_changuitos/montage_zqpij_109.15_124.15.jpg,right
./completed_changuitos/montage_siurc_294.25_258.95.jpg,left
./completed_changuitos/montage_tgxei_105.85_125.19.jpg,right
./completed_changuitos/montage_mmgft_65.29_57.69.jpg,left
./completed_changuitos/montage_qoeme_32.55_36.39.jpg,right
./completed_changuitos/montage_nzont_110.85_96.29.jpg,left
./completed_changuitos/montage_udfya_70.35_80.25.jpg,right
./completed_changuitos/montage_klcwg_87.65_101.55.jpg,right
./completed_changuitos/montage_gnmej_189.6_167.99.jpg,left
./completed_changuitos/montage_intfo_109.25_127.35.jpg,right
./completed_changuitos/montage_bezyx_283.55_249.3.jpg,left
./completed_changuitos/montage_yokea_98.35_112.69.jpg,right
./completed_changuitos/montage_wgxan_53.49_46.99.jpg,left
./completed_changuitos/montage_lveyu_38.0_32.09.jpg,left
./completed_changuitos/montage_qabmv_180.85_205.99.jpg,right
./completed_changuitos/montage_jtgrn_199.9_235.29.jpg,right
./completed_changuitos/montage_rqnjc_37.45_32.65.jpg,left
./completed_changuitos/montage_qiswf_55.55_49.15.jpg,left
./completed_changuitos/montage_ggvuh_68.49_79.19.jpg,right
./completed_changuitos/montage_crlru_81.35_92.55.jpg,right
./completed_changuitos/montage_fjcik_119.99_140.19.jpg,right
./completed_changuitos/montage_eevii_80.25_94.15.jpg,right
./completed_changuitos/montage_ynjci_109.69_124.15.jpg,right
./completed_changuitos/montage_ckkdx_68.49_79.19.jpg,right
./completed_changuitos/montage_gywfo_74.89_66.25.jpg,left
./completed_changuitos/montage_zrhkf_207.79_179.75.jpg,left
./completed_changuitos/montage_gldfu_100.05_88.7.jpg,left
./completed_changuitos/montage_jantr_75.45_88.99.jpg,right
./completed_changuitos/montage_gdfzc_247.99_280.39.jpg,right
./completed_changuitos/montage_qpjrg_63.15_55.0.jpg,left
./completed_changuitos/montage_jhcfg_228.69_199.9.jpg,left
./completed_changuitos/montage_oimtq_399.0_341.35.jpg,left
./completed_changuitos/montage_przly_20.35_23.55.jpg,right
./completed_changuitos/montage_fnxjt_91.49_106.59.jpg,right
./completed_changuitos/montage_tuudx_138.05_116.65.jpg,left
./completed_changuitos/montage_rtmyc_99.9_114.49.jpg,right
./completed_changuitos/montage_hcoaz_999.0_859.0.jpg,left
./completed_changuitos/montage_cyrhx_74.89_83.99.jpg,right
./completed_changuitos/montage_bkujl_38.55_33.95.jpg,left
./completed_changuitos/montage_lferj_262.15_309.0.jpg,right
./completed_changuitos/montage_gvsoy_126.99_111.19.jpg,left
./completed_changuitos/montage_xycyc_99.99_113.99.jpg,right
./completed_changuitos/montage_kawbn_203.29_178.05.jpg,left
./completed_changuitos/montage_eahsy_99.0_85.49.jpg,left
./completed_changuitos/montage_kenou_43.35_49.15.jpg,right
./completed_changuitos/montage_styje_95.25_110.2.jpg,right
./completed_changuitos/montage_idqmj_91.95_105.95.jpg,right
./completed_changuitos/montage_pjowk_40.65_46.0.jpg,right
./completed_changuitos/montage_ysixq_268.59_304.95.jpg,right
./completed_changuitos/montage_hfyft_232.19_273.95.jpg,right
./completed_changuitos/montage_ylvjp_131.6_150.89.jpg,right
./completed_changuitos/montage_foqus_60.89_71.45.jpg,right
./completed_changuitos/montage_romyl_346.69_300.69.jpg,left
./completed_changuitos/montage_afdbe_285.69_249.85.jpg,left
./completed_changuitos/montage_nuwml_68.49_76.9.jpg,right
./completed_changuitos/montage_oxcet_69.55_80.25.jpg,right
./completed_changuitos/montage_jdupk_90.95_106.89.jpg,right
./completed_changuitos/montage_ottxg_28.79_33.69.jpg,right
./completed_changuitos/montage_zxglb_101.55_86.45.jpg,left
./completed_changuitos/montage_finma_138.49_119.85.jpg,left
./completed_changuitos/montage_sxcwm_156.99_175.49.jpg,right
./completed_changuitos/montage_peptg_149.69_129.9.jpg,left
./completed_changuitos/montage_uwqgf_36.39_31.05.jpg,left
./completed_changuitos/montage_nxmpp_78.65_89.9.jpg,right
./completed_changuitos/montage_wednw_36.29_42.69.jpg,right
./completed_changuitos/montage_grfzp_57.69_66.25.jpg,right
./completed_changuitos/montage_jukwm_48.15_54.79.jpg,right
./completed_changuitos/montage_esiex_158.35_183.59.jpg,right
./completed_changuitos/montage_zgqar_119.85_104.55.jpg,left
./completed_changuitos/montage_jdmwp_67.19_57.69.jpg,left
./completed_changuitos/montage_eqqbd_273.95_319.95.jpg,right
./completed_changuitos/montage_npedg_42.99_48.49.jpg,right
./completed_changuitos/montage_gmltw_41.99_48.49.jpg,right
./completed_changuitos/montage_zvnmy_101.65_88.8.jpg,left
./completed_changuitos/montage_aoxfj_62.05_53.49.jpg,left
./completed_changuitos/montage_dwxbd_316.75_367.55.jpg,right
./completed_changuitos/montage_ufrxr_64.19_54.79.jpg,left
./completed_changuitos/montage_opnwx_159.45_179.75.jpg,right
./completed_changuitos/montage_yjuxk_63.05_70.35.jpg,right
./completed_changuitos/montage_addbg_44.85_51.99.jpg,right
./completed_changuitos/montage_llcfz_94.59_110.85.jpg,right
./completed_changuitos/montage_tnwzc_149.79_130.79.jpg,left
./completed_changuitos/montage_nnsnh_189.09_163.7.jpg,left
./completed_changuitos/montage_qhpvo_101.55_88.85.jpg,left
./completed_changuitos/montage_docte_149.69_126.25.jpg,left
./completed_changuitos/montage_kzjts_42.99_48.15.jpg,right
./completed_changuitos/montage_kczoy_170.05_199.0.jpg,right
./completed_changuitos/montage_iqlqi_109.9_130.85.jpg,right
./completed_changuitos/montage_topew_226.29_197.95.jpg,left
./completed_changuitos/montage_pqist_109.69_95.25.jpg,left
./completed_changuitos/montage_huugo_53.09_60.89.jpg,right
./completed_changuitos/montage_bpcqe_100.49_89.0.jpg,left
./completed_changuitos/montage_eczpu_48.15_41.79.jpg,left
./completed_changuitos/montage_xszxg_85.59_73.85.jpg,left
./completed_changuitos/montage_ttwnp_42.79_49.25.jpg,right
./completed_changuitos/montage_uqsan_105.95_91.95.jpg,left
./completed_changuitos/montage_jnjgs_102.5_90.95.jpg,left
./completed_changuitos/montage_nrrlj_499.0_436.55.jpg,left
./completed_changuitos/montage_bgvzy_68.49_75.99.jpg,right
./completed_changuitos/montage_hzcrt_54.49_47.09.jpg,left
./completed_changuitos/montage_huuvc_100.49_116.09.jpg,right
./completed_changuitos/montage_hrvmy_138.05_122.95.jpg,left
./completed_changuitos/montage_atiwg_91.25_106.89.jpg,right
./completed_changuitos/montage_thquj_48.15_56.6.jpg,right
./completed_changuitos/montage_bsggb_49.25_43.35.jpg,left
./completed_changuitos/montage_upbtt_46.0_40.55.jpg,left
./completed_changuitos/montage_uiolb_203.3_173.65.jpg,left
./completed_changuitos/montage_uavuk_354.19_410.19.jpg,right
./completed_changuitos/montage_tbawu_156.79_179.75.jpg,right
./completed_changuitos/montage_ohbjp_63.15_72.75.jpg,right
./completed_changuitos/montage_wdxbz_149.69_129.9.jpg,left
./completed_changuitos/montage_hcxqv_47.09_53.49.jpg,right
./completed_changuitos/montage_loqid_71.69_62.39.jpg,left
./completed_changuitos/montage_vvujb_215.09_243.95.jpg,right
./completed_changuitos/montage_yzrkt_149.79_131.6.jpg,left
./completed_changuitos/montage_qsmst_148.39_126.99.jpg,left
./completed_changuitos/montage_hbnzg_51.39_59.9.jpg,right
./completed_changuitos/montage_mhsaj_74.89_66.05.jpg,left
./completed_changuitos/montage_swrew_76.0_64.85.jpg,left
./completed_changuitos/montage_wildj_90.95_79.19.jpg,left
./completed_changuitos/montage_rylxy_80.05_69.55.jpg,left
./completed_changuitos/montage_tdtpf_179.19_150.89.jpg,left
./completed_changuitos/montage_hijvd_175.49_156.25.jpg,left
./completed_changuitos/montage_odnjc_60.89_70.35.jpg,right
./completed_changuitos/montage_tdasw_122.95_139.0.jpg,right
./completed_changuitos/montage_fgkpq_436.55_499.0.jpg,right
./completed_changuitos/montage_zxzhu_124.99_106.45.jpg,left
./completed_changuitos/montage_otdaq_121.0_135.89.jpg,right
./completed_changuitos/montage_npodi_183.99_159.0.jpg,left
./completed_changuitos/montage_hnuuo_84.55_74.89.jpg,left
./completed_changuitos/montage_vqedq_36.9_41.99.jpg,right
./completed_changuitos/montage_jftcx_58.85_66.35.jpg,right
./completed_changuitos/montage_elllj_294.25_258.95.jpg,left
./completed_changuitos/montage_zxnjp_141.15_163.7.jpg,right
./completed_changuitos/montage_ztvxj_76.0_66.05.jpg,left
./completed_changuitos/montage_dcofv_71.9_60.99.jpg,left
./completed_changuitos/montage_abjzj_214.95_243.95.jpg,right
./completed_changuitos/montage_wvupf_146.19_124.65.jpg,left
./completed_changuitos/montage_obksw_25.99_29.45.jpg,right
./completed_changuitos/montage_pytyj_44.39_37.45.jpg,left
./completed_changuitos/montage_ewjxh_452.6_523.25.jpg,right
./completed_changuitos/montage_olgwj_73.85_86.69.jpg,right
./completed_changuitos/montage_vclhe_133.2_155.15.jpg,right
./completed_changuitos/montage_wvkjh_51.35_44.39.jpg,left
./completed_changuitos/montage_biazr_589.0_514.69.jpg,left
./completed_changuitos/montage_sfryn_99.0_84.55.jpg,left
./completed_changuitos/montage_thfgv_38.19_33.49.jpg,left
./completed_changuitos/montage_ykqiy_116.65_136.95.jpg,right
./completed_changuitos/montage_xmbch_84.55_72.75.jpg,left
./completed_changuitos/montage_rgghv_133.75_113.99.jpg,left
./completed_changuitos/montage_flnpy_59.95_68.49.jpg,right
./completed_changuitos/montage_ibxvu_187.25_160.5.jpg,left
./completed_changuitos/montage_zrasw_89.0_103.79.jpg,right
./completed_changuitos/montage_qdaxl_99.9_114.99.jpg,right
./completed_changuitos/montage_zqcwh_236.39_209.75.jpg,left
./completed_changuitos/montage_ruupk_85.59_74.89.jpg,left
./completed_changuitos/montage_czwrl_287.85_329.55.jpg,right
./completed_changuitos/montage_ujiac_115.55_133.75.jpg,right
./completed_changuitos/montage_oupln_75.99_67.4.jpg,left
./completed_changuitos/montage_ylkqi_89.89_103.0.jpg,right
./completed_changuitos/montage_xkkgm_77.05_87.75.jpg,right
./completed_changuitos/montage_qkfth_75.99_66.35.jpg,left
./completed_changuitos/montage_mqndf_35.0_40.15.jpg,right
./completed_changuitos/montage_imdnt_153.89_131.6.jpg,left
./completed_changuitos/montage_tkyyt_69.55_60.89.jpg,left
./completed_changuitos/montage_lnekz_80.25_95.25.jpg,right
./completed_changuitos/montage_kujad_31.05_36.9.jpg,right
./completed_changuitos/montage_hgftf_87.75_76.85.jpg,left
./completed_changuitos/montage_agoqv_43.35_38.55.jpg,left
./completed_changuitos/montage_xadkf_57.79_66.89.jpg,right
./completed_changuitos/montage_lunxv_57.79_66.35.jpg,right
./completed_changuitos/montage_vjzcq_70.65_59.85.jpg,left
./completed_changuitos/montage_shmgv_85.49_98.45.jpg,right
./completed_changuitos/montage_hhgbg_40.55_35.0.jpg,left
./completed_changuitos/montage_wgxrg_65.19_74.89.jpg,right
./completed_changuitos/montage_muusm_56.6_64.9.jpg,right
./completed_changuitos/montage_ezays_42.69_36.9.jpg,left
./completed_changuitos/montage_wpgxm_64.95_55.65.jpg,left
./completed_changuitos/montage_vdawy_364.89_435.49.jpg,right
./completed_changuitos/montage_eedsv_88.95_102.19.jpg,right
./completed_changuitos/montage_muqua_26.75_31.05.jpg,right
./completed_changuitos/montage_pwveg_81.25_69.55.jpg,left
./completed_changuitos/montage_twfvw_35.3_40.95.jpg,right
./completed_changuitos/montage_eihzv_40.15_44.95.jpg,right
./completed_changuitos/montage_jamxt_144.45_126.99.jpg,left
./completed_changuitos/montage_ljeyz_44.95_39.59.jpg,left
./completed_changuitos/montage_ydmhj_358.45_304.95.jpg,left
./completed_changuitos/montage_pmujb_62.39_71.45.jpg,right
./completed_changuitos/montage_epooe_126.99_108.59.jpg,left
./completed_changuitos/montage_udnqp_169.0_147.29.jpg,left
./completed_changuitos/montage_gvuyx_51.25_58.75.jpg,right
./completed_changuitos/montage_piusa_256.79_298.55.jpg,right
./completed_changuitos/montage_faxbc_73.85_85.59.jpg,right
./completed_changuitos/montage_amdsn_101.65_90.95.jpg,left
./completed_changuitos/montage_ljgfg_307.65_264.19.jpg,left
./completed_changuitos/montage_wcunw_799.0_699.0.jpg,left
./completed_changuitos/montage_sherv_41.79_36.9.jpg,left
./completed_changuitos/montage_abxes_125.19_105.95.jpg,left
./completed_changuitos/montage_tynxd_131.6_149.69.jpg,right
./completed_changuitos/montage_vkogv_48.49_42.79.jpg,left
./completed_changuitos/montage_aypce_119.85_106.99.jpg,left
./completed_changuitos/montage_ulnux_89.35_79.19.jpg,left
./completed_changuitos/montage_inlas_79.19_91.39.jpg,right
./completed_changuitos/montage_jutqg_439.05_367.55.jpg,left
./completed_changuitos/montage_qvhbd_68.49_57.8.jpg,left
./completed_changuitos/montage_fxsgl_82.39_95.25.jpg,right
./completed_changuitos/montage_feizm_159.0_136.95.jpg,left
./completed_changuitos/montage_bditw_63.05_72.75.jpg,right
./completed_changuitos/montage_dzviw_43.45_36.9.jpg,left
./completed_changuitos/montage_isgod_31.05_26.75.jpg,left
./completed_changuitos/montage_nyplc_310.29_346.39.jpg,right
./completed_changuitos/montage_ximhx_192.59_228.99.jpg,right
./completed_changuitos/montage_ssynf_76.85_85.59.jpg,right
./completed_changuitos/montage_obisb_127.9_149.79.jpg,right
./completed_changuitos/montage_eqlmc_77.69_87.9.jpg,right
./completed_changuitos/montage_ezysp_109.15_128.39.jpg,right
./completed_changuitos/montage_lakxn_354.09_304.95.jpg,left
./completed_changuitos/montage_okwmn_242.15_285.69.jpg,right
./completed_changuitos/montage_qquax_34.49_29.95.jpg,left
./completed_changuitos/montage_cjztk_64.19_74.89.jpg,right
./completed_changuitos/montage_twosn_60.99_69.55.jpg,right
./completed_changuitos/montage_luzdw_245.69_209.75.jpg,left
./completed_changuitos/montage_ckzhm_42.79_36.9.jpg,left
./completed_changuitos/montage_ohyww_95.59_109.89.jpg,right
./completed_changuitos/montage_zgmwq_133.2_116.65.jpg,left
./completed_changuitos/montage_ofuji_72.25_83.45.jpg,right
./completed_changuitos/montage_jzbpe_55.65_63.65.jpg,right
./completed_changuitos/montage_kxydx_114.29_96.19.jpg,left
./completed_changuitos/montage_nznpz_345.6_294.25.jpg,left
./completed_changuitos/montage_rikor_65.19_72.79.jpg,right
./completed_changuitos/montage_hzpyp_56.7_64.19.jpg,right
./completed_changuitos/montage_uuoah_162.35_190.19.jpg,right
./completed_changuitos/montage_fyseb_36.55_31.05.jpg,left
./completed_changuitos/montage_ugito_167.45_187.79.jpg,right
./completed_changuitos/montage_fjpma_345.5_391.65.jpg,right
./completed_changuitos/montage_dnjnz_164.79_146.19.jpg,left
./completed_changuitos/montage_curzx_25.9_29.95.jpg,right
./completed_changuitos/montage_dnzba_59.85_52.45.jpg,left
./completed_changuitos/montage_fnefr_78.1_69.55.jpg,left
./completed_changuitos/montage_slatc_124.15_146.59.jpg,right
./completed_changuitos/montage_ltdmz_31.67_36.29.jpg,right
./completed_changuitos/montage_xirsm_80.25_91.95.jpg,right
./completed_changuitos/montage_hpsmc_101.65_90.95.jpg,left
./completed_changuitos/montage_ksmvb_106.45_120.9.jpg,right
./completed_changuitos/montage_wkpen_100.59_117.69.jpg,right
./completed_changuitos/montage_bltfn_124.05_106.59.jpg,left
./completed_changuitos/montage_eocjq_64.19_72.75.jpg,right
./completed_changuitos/montage_yyalg_243.95_212.29.jpg,left
./completed_changuitos/montage_tnjtg_125.19_108.99.jpg,left
./completed_changuitos/montage_jcinm_43.35_49.15.jpg,right
./completed_changuitos/montage_rcnrm_249.3_213.99.jpg,left
./completed_changuitos/montage_ztfxp_75.99_64.19.jpg,left
./completed_changuitos/montage_zmdpy_63.15_55.0.jpg,left
./completed_changuitos/montage_gmgzw_131.6_114.69.jpg,left
./completed_changuitos/montage_clmit_199.9_232.19.jpg,right
./completed_changuitos/montage_pvfrn_117.69_102.65.jpg,left
./completed_changuitos/montage_ulfwi_476.15_417.89.jpg,left
./completed_changuitos/montage_jsivw_65.19_55.45.jpg,left
./completed_changuitos/montage_uxyur_171.19_153.89.jpg,left
./completed_changuitos/montage_oidwu_54.35_63.05.jpg,right
./completed_changuitos/montage_bjoen_261.09_297.45.jpg,right
./completed_changuitos/montage_dcaqa_62.05_71.69.jpg,right
./completed_changuitos/montage_ktneq_63.15_55.75.jpg,left
./completed_changuitos/montage_kpmvo_100.99_115.55.jpg,right
./completed_changuitos/montage_vpoop_117.69_133.75.jpg,right
./completed_changuitos/montage_ohfnq_146.49_168.19.jpg,right
./completed_changuitos/montage_xftjv_171.19_149.79.jpg,left
./completed_changuitos/montage_yrrvy_115.55_100.59.jpg,left
./completed_changuitos/montage_btjac_110.75_126.99.jpg,right
./completed_changuitos/montage_jnhms_37.45_33.5.jpg,left
./completed_changuitos/montage_zhtht_70.77_62.05.jpg,left
./completed_changuitos/montage_kvzop_46.65_40.55.jpg,left
./completed_changuitos/montage_bnewv_31.67_27.7.jpg,left
./completed_changuitos/montage_dwwdf_149.79_131.5.jpg,left
./completed_changuitos/montage_xevyy_127.35_109.55.jpg,left
./completed_changuitos/montage_nvnov_44.75_51.99.jpg,right
./completed_changuitos/montage_sytqg_72.0_62.05.jpg,left
./completed_changuitos/montage_zmjoq_33.19_28.79.jpg,left
./completed_changuitos/montage_wspbu_96.85_108.09.jpg,right
./completed_changuitos/montage_qjnnw_184.05_213.99.jpg,right
./completed_changuitos/montage_vthoz_217.2_247.19.jpg,right
./completed_changuitos/montage_pbzuw_48.69_54.79.jpg,right
./completed_changuitos/montage_jsplc_29.85_25.69.jpg,left
./completed_changuitos/montage_gjkaa_144.45_128.39.jpg,left
./completed_changuitos/montage_vykto_144.45_160.49.jpg,right
./completed_changuitos/montage_ddiiv_35.3_41.09.jpg,right
./completed_changuitos/montage_wnkua_55.65_63.15.jpg,right
./completed_changuitos/montage_mgyea_91.95_81.2.jpg,left
./completed_changuitos/montage_ajqet_71.55_62.05.jpg,left
./completed_changuitos/montage_fnmov_81.85_95.75.jpg,right
./completed_changuitos/montage_imexa_104.75_119.85.jpg,right
./completed_changuitos/montage_nwcau_99.5_86.69.jpg,left
./completed_changuitos/montage_qxbbh_384.15_333.29.jpg,left
./completed_changuitos/montage_hicrg_78.65_69.0.jpg,left
./completed_changuitos/montage_bnlcn_41.75_36.8.jpg,left
./completed_changuitos/montage_btdmp_102.65_116.09.jpg,right
./completed_changuitos/montage_bhkxf_120.9_107.99.jpg,left
./completed_changuitos/montage_hteav_178.05_203.09.jpg,right
./completed_changuitos/montage_lpvsn_84.55_75.99.jpg,left
./completed_changuitos/montage_ketvj_68.49_80.25.jpg,right
./completed_changuitos/montage_hauhf_215.49_185.1.jpg,left
./completed_changuitos/montage_mhoaq_167.45_189.0.jpg,right
./completed_changuitos/montage_dksds_186.19_160.9.jpg,left
./completed_changuitos/montage_rmgky_725.89_619.0.jpg,left
./completed_changuitos/montage_egzxg_192.59_169.9.jpg,left
./completed_changuitos/montage_pcmbj_163.7_146.59.jpg,left
./completed_changuitos/montage_avhrv_69.89_79.9.jpg,right
./completed_changuitos/montage_jlztw_35.3_40.35.jpg,right
./completed_changuitos/montage_kemjk_171.49_202.15.jpg,right
./completed_changuitos/montage_cufjy_44.13_49.15.jpg,right
./completed_changuitos/montage_ubwcb_163.19_190.19.jpg,right
./completed_changuitos/montage_uvimm_73.05_63.65.jpg,left
./completed_changuitos/montage_icquj_460.79_410.0.jpg,left
./completed_changuitos/montage_lpedy_55.65_47.09.jpg,left
./completed_changuitos/montage_rsouy_407.69_341.35.jpg,left
./completed_changuitos/montage_xbrqh_90.95_78.65.jpg,left
./completed_changuitos/montage_hbylw_44.75_51.35.jpg,right
./completed_changuitos/montage_ypuzy_45.89_51.99.jpg,right
./completed_changuitos/montage_ajkki_191.55_164.79.jpg,left
./completed_changuitos/montage_hbuxg_150.89_176.55.jpg,right
./completed_changuitos/montage_ptixc_346.39_298.55.jpg,left
./completed_changuitos/montage_iyawy_104.9_90.95.jpg,left
./completed_changuitos/montage_ykwww_96.29_84.45.jpg,left
./completed_changuitos/montage_hocci_72.75_64.19.jpg,left
./completed_changuitos/montage_upftw_304.95_348.6.jpg,right
./completed_changuitos/montage_hwdci_245.69_281.3.jpg,right
./completed_changuitos/montage_hqjgx_110.1_126.99.jpg,right
./completed_changuitos/montage_zabup_149.79_129.99.jpg,left
./completed_changuitos/montage_wkglb_51.35_44.65.jpg,left
./completed_changuitos/montage_jwddh_41.19_49.25.jpg,right
./completed_changuitos/montage_bpamj_27.39_32.1.jpg,right
./completed_changuitos/montage_efqzy_75.99_65.29.jpg,left
./completed_changuitos/montage_bmodv_33.69_29.45.jpg,left
./completed_changuitos/montage_zuboh_171.19_144.99.jpg,left
./completed_changuitos/montage_ooaal_304.95_357.39.jpg,right
./completed_changuitos/montage_dnncq_129.49_113.45.jpg,left
./completed_changuitos/montage_cyddr_54.79_63.65.jpg,right
./completed_changuitos/montage_whtkb_108.09_96.19.jpg,left
./completed_changuitos/montage_csczo_81.35_69.55.jpg,left
./completed_changuitos/montage_psbrw_130.79_115.99.jpg,left
./completed_changuitos/montage_njdps_233.79_262.15.jpg,right
./completed_changuitos/montage_joakg_294.25_345.5.jpg,right
./completed_changuitos/montage_ysxvk_173.69_199.9.jpg,right
./completed_changuitos/montage_jdwdw_122.95_146.59.jpg,right
./completed_changuitos/montage_tuezv_44.13_51.35.jpg,right
./completed_changuitos/montage_vvium_80.79_94.15.jpg,right
./completed_changuitos/montage_ehqri_92.45_106.89.jpg,right
./completed_changuitos/montage_aykdv_245.69_271.79.jpg,right
./completed_changuitos/montage_smdzb_109.89_126.99.jpg,right
./completed_changuitos/montage_abswm_266.45_236.49.jpg,left
./completed_changuitos/montage_fxvws_186.19_160.49.jpg,left
./completed_changuitos/montage_ivujt_233.25_200.09.jpg,left
./completed_changuitos/montage_xaqgi_81.35_95.25.jpg,right
./completed_changuitos/montage_xgxcr_112.35_98.45.jpg,left
./completed_changuitos/montage_hovuh_70.2_61.55.jpg,left
./completed_changuitos/montage_etyfa_75.89_88.85.jpg,right
./completed_changuitos/montage_etyym_880.6_999.0.jpg,right
./completed_changuitos/montage_fzbgz_115.55_99.49.jpg,left
./completed_changuitos/montage_wzdvj_41.99_37.35.jpg,left
./completed_changuitos/montage_nzvrk_442.99_512.55.jpg,right
./completed_changuitos/montage_bedud_452.6_523.0.jpg,right
./completed_changuitos/montage_hmeyo_62.05_53.49.jpg,left
./completed_changuitos/montage_iozfi_86.69_75.89.jpg,left
./completed_changuitos/montage_anfki_157.29_133.99.jpg,left
./completed_changuitos/montage_aktds_311.29_266.45.jpg,left
./completed_changuitos/montage_cqgpf_98.55_84.55.jpg,left
./completed_changuitos/montage_kywyg_62.09_70.65.jpg,right
./completed_changuitos/montage_xatiq_89.89_80.25.jpg,left
./completed_changuitos/montage_cjcda_57.79_66.55.jpg,right
./completed_changuitos/montage_ikwim_599.0_520.19.jpg,left
./completed_changuitos/montage_aljwp_90.0_80.25.jpg,left
./completed_changuitos/montage_suyfw_38.9_34.25.jpg,left
./completed_changuitos/montage_ycbnu_242.89_213.89.jpg,left
./completed_changuitos/montage_wfjly_127.35_146.59.jpg,right
./completed_changuitos/montage_omdsz_174.65_199.9.jpg,right
./completed_changuitos/montage_lqhpq_169.0_147.29.jpg,left
./completed_changuitos/montage_danwk_64.09_75.0.jpg,right
./completed_changuitos/montage_keszd_99.9_89.79.jpg,left
./completed_changuitos/montage_fetgl_58.0_50.85.jpg,left
./completed_changuitos/montage_jljhf_41.09_46.0.jpg,right
./completed_changuitos/montage_gtfmt_171.19_150.89.jpg,left
./completed_changuitos/montage_uqwmb_27.85_32.09.jpg,right
./completed_changuitos/montage_syqvt_44.13_51.35.jpg,right
./completed_changuitos/montage_fyvba_218.0_192.59.jpg,left
./completed_changuitos/montage_esvya_105.95_120.9.jpg,right
./completed_changuitos/montage_qmkpw_199.9_179.75.jpg,left
./completed_changuitos/montage_wmapj_26.07_29.95.jpg,right
./completed_changuitos/montage_xipam_63.15_55.65.jpg,left
./completed_changuitos/montage_bxwtl_163.7_139.09.jpg,left
./completed_changuitos/montage_gnriz_442.99_499.0.jpg,right
./completed_changuitos/montage_lgqlo_41.99_47.6.jpg,right
./completed_changuitos/montage_bhjfr_106.59_124.15.jpg,right
./completed_changuitos/montage_dczrf_52.45_46.99.jpg,left
./completed_changuitos/montage_olgcs_88.9_100.59.jpg,right
./completed_changuitos/montage_qdlxl_174.4_151.85.jpg,left
./completed_changuitos/montage_yayqx_164.79_146.59.jpg,left
./completed_changuitos/montage_pdrzm_36.9_41.09.jpg,right
./completed_changuitos/montage_xmosp_55.65_64.9.jpg,right
./completed_changuitos/montage_coqxz_54.59_61.55.jpg,right
./completed_changuitos/montage_fzaxd_31.64_35.85.jpg,right
./completed_changuitos/montage_yhzzf_139.09_160.49.jpg,right
./completed_changuitos/montage_jvmkb_53.49_46.0.jpg,left
./completed_changuitos/montage_ywrut_37.45_32.1.jpg,left
./completed_changuitos/montage_ewlmq_66.35_75.99.jpg,right
./completed_changuitos/montage_leddw_192.59_167.45.jpg,left
./completed_changuitos/montage_gagbp_83.45_74.35.jpg,left
./completed_changuitos/montage_zaewe_71.19_81.85.jpg,right
./completed_changuitos/montage_klzhn_157.29_179.75.jpg,right
./completed_changuitos/montage_mybzc_266.45_226.29.jpg,left
./completed_changuitos/montage_azyyb_69.55_82.39.jpg,right
./completed_changuitos/montage_mpame_40.25_35.2.jpg,left
./completed_changuitos/montage_rbvmp_35.65_41.19.jpg,right
./completed_changuitos/montage_ssowa_161.49_183.99.jpg,right
./completed_changuitos/montage_dtnwt_62.05_72.0.jpg,right
./completed_changuitos/montage_fnwkj_66.89_57.79.jpg,left
./completed_changuitos/montage_xiuim_91.39_104.85.jpg,right
./completed_changuitos/montage_icydb_98.35_85.59.jpg,left
./completed_changuitos/montage_jqgjz_85.59_95.25.jpg,right
./completed_changuitos/montage_sxcov_36.55_32.1.jpg,left
./completed_changuitos/montage_xrcqf_87.89_101.65.jpg,right
./completed_changuitos/montage_codgq_128.95_114.49.jpg,left
./completed_changuitos/montage_dycky_116.65_100.59.jpg,left
./completed_changuitos/montage_jnmap_51.89_57.69.jpg,right
./completed_changuitos/montage_zxuhr_299.0_255.75.jpg,left
./completed_changuitos/montage_emrxj_92.05_106.59.jpg,right
./completed_changuitos/montage_jufnt_699.0_589.0.jpg,left
./completed_changuitos/montage_uiuaw_42.25_36.9.jpg,left
./completed_changuitos/montage_qluxx_262.15_233.25.jpg,left
./completed_changuitos/montage_agdiz_131.6_115.55.jpg,left
./completed_changuitos/montage_gejlz_71.9_81.35.jpg,right
./completed_changuitos/montage_irxup_243.95_211.75.jpg,left
./completed_changuitos/montage_egunu_269.65_311.29.jpg,right
./completed_changuitos/montage_dsfyr_77.05_87.75.jpg,right
./completed_changuitos/montage_lfqyx_43.89_37.35.jpg,left
./completed_changuitos/montage_grhig_63.15_55.65.jpg,left
./completed_changuitos/montage_jckhl_115.55_100.59.jpg,left
./completed_changuitos/montage_lxpqc_96.29_109.15.jpg,right
./completed_changuitos/montage_gjxbk_28.89_33.19.jpg,right
./completed_changuitos/montage_vsurx_58.85_68.49.jpg,right
./completed_changuitos/montage_ejudd_58.85_66.55.jpg,right
./completed_changuitos/montage_ijolo_73.75_85.29.jpg,right
./completed_changuitos/montage_wtkzv_38.47_33.39.jpg,left
./completed_changuitos/montage_rkmec_89.89_101.65.jpg,right
./completed_changuitos/montage_hqrrk_52.45_46.0.jpg,left
./completed_changuitos/montage_aqfii_171.19_148.75.jpg,left
./completed_changuitos/montage_fpeih_125.09_144.45.jpg,right
./completed_changuitos/montage_nxyuf_412.39_354.19.jpg,left
./completed_changuitos/montage_yfntp_283.55_316.75.jpg,right
./completed_changuitos/montage_cvjqv_157.29_176.55.jpg,right
./completed_changuitos/montage_gxpfc_101.65_90.95.jpg,left
./completed_changuitos/montage_dhiie_71.69_62.39.jpg,left
./completed_changuitos/montage_fpisg_238.5_203.85.jpg,left
./completed_changuitos/montage_iaker_84.9_73.75.jpg,left
./completed_changuitos/montage_mgmvr_225.79_191.55.jpg,left
./completed_changuitos/montage_mpgpd_659.0_569.0.jpg,left
./completed_changuitos/montage_pymio_86.99_99.5.jpg,right
./completed_changuitos/montage_douvb_112.35_97.39.jpg,left
./completed_changuitos/montage_dgfdo_90.4_101.65.jpg,right
./completed_changuitos/montage_qcoxb_55.65_48.69.jpg,left
./completed_changuitos/montage_jqkbn_619.99_539.0.jpg,left
./completed_changuitos/montage_vppqm_176.55_202.25.jpg,right
./completed_changuitos/montage_diecj_70.65_62.39.jpg,left
./completed_changuitos/montage_wzxfv_120.9_139.85.jpg,right
./completed_changuitos/montage_obubz_64.19_55.45.jpg,left
./completed_changuitos/montage_wtocb_86.15_75.0.jpg,left
./completed_changuitos/montage_ztmgd_144.45_167.89.jpg,right
./completed_changuitos/montage_aewfl_59.7_52.45.jpg,left
./completed_changuitos/montage_htjas_247.19_283.55.jpg,right
./completed_changuitos/montage_dsvkx_148.19_174.4.jpg,right
./completed_changuitos/montage_qyhgy_76.9_88.7.jpg,right
./completed_changuitos/montage_lxbrt_36.29_41.75.jpg,right
./completed_changuitos/montage_jlnsf_61.55_69.45.jpg,right
./completed_changuitos/montage_byqmd_199.0_173.39.jpg,left
./completed_changuitos/montage_obnsw_37.79_33.19.jpg,left
./completed_changuitos/montage_teavz_183.99_161.49.jpg,left
./completed_changuitos/montage_gujwq_26.07_29.99.jpg,right
./completed_changuitos/montage_ciynx_84.55_96.85.jpg,right
./completed_changuitos/montage_paqwa_174.4_147.65.jpg,left
./completed_changuitos/montage_gwgin_56.6_49.25.jpg,left
./completed_changuitos/montage_lfvcg_31.7_26.75.jpg,left
./completed_changuitos/montage_xsper_72.75_63.15.jpg,left
./completed_changuitos/montage_rtbyk_370.25_319.95.jpg,left
./completed_changuitos/montage_cvqyg_44.9_39.49.jpg,left
./completed_changuitos/montage_ngdhs_64.19_71.69.jpg,right
./completed_changuitos/montage_vposg_73.85_85.59.jpg,right
./completed_changuitos/montage_cshlx_95.25_106.79.jpg,right
./completed_changuitos/montage_nauff_31.05_35.2.jpg,right
./completed_changuitos/montage_cbtsf_135.89_115.99.jpg,left
./completed_changuitos/montage_barjo_153.0_138.05.jpg,left
./completed_changuitos/montage_crquz_60.89_54.49.jpg,left
./completed_changuitos/montage_weftm_240.2_209.75.jpg,left
./completed_changuitos/montage_htkzz_232.19_202.15.jpg,left
./completed_changuitos/montage_myymq_138.49_160.49.jpg,right
./completed_changuitos/montage_lgsnr_23.55_27.29.jpg,right
./completed_changuitos/montage_xxgut_318.89_273.95.jpg,left
./completed_changuitos/montage_mhdqb_85.59_74.0.jpg,left
./completed_changuitos/montage_iuhce_171.19_148.75.jpg,left
./completed_changuitos/montage_icqdt_55.0_48.15.jpg,left
./completed_changuitos/montage_bajlz_178.05_153.89.jpg,left
./completed_changuitos/montage_urakc_69.55_58.85.jpg,left
./completed_changuitos/montage_yegik_66.89_77.06.jpg,right
./completed_changuitos/montage_mloxj_124.15_109.15.jpg,left
./completed_changuitos/montage_uulje_192.59_167.45.jpg,left
./completed_changuitos/montage_wicyb_85.59_75.45.jpg,left
./completed_changuitos/montage_bhdmp_37.45_42.79.jpg,right
./completed_changuitos/montage_tdscj_266.45_235.29.jpg,left
./completed_changuitos/montage_lugcp_54.89_63.15.jpg,right
./completed_changuitos/montage_pgqmy_364.89_316.75.jpg,left
./completed_changuitos/montage_wekxr_74.89_64.19.jpg,left
./completed_changuitos/montage_cpdek_184.05_160.49.jpg,left
./completed_changuitos/montage_azjkx_899.0_777.89.jpg,left
./completed_changuitos/montage_soisy_50.85_58.3.jpg,right
./completed_changuitos/montage_gttzs_46.0_39.59.jpg,left
./completed_changuitos/montage_axyil_403.39_479.0.jpg,right
./completed_changuitos/montage_dfrdg_64.19_71.69.jpg,right
./completed_changuitos/montage_ibfsy_49.25_42.25.jpg,left
./completed_changuitos/montage_bccbx_48.15_54.6.jpg,right
./completed_changuitos/montage_ghoqy_35.2_40.55.jpg,right
./completed_changuitos/montage_ioshe_70.65_59.95.jpg,left
./completed_changuitos/montage_mikbz_247.99_285.89.jpg,right
./completed_changuitos/montage_fgjis_359.99_319.95.jpg,left
./completed_changuitos/montage_tlzqn_304.95_359.99.jpg,right
./completed_changuitos/montage_ecgbj_89.9_76.19.jpg,left
./completed_changuitos/montage_ugxpd_63.05_73.85.jpg,right
./completed_changuitos/montage_itape_114.0_99.4.jpg,left
./completed_changuitos/montage_grmmq_95.25_109.15.jpg,right
./completed_changuitos/montage_wwvee_284.65_249.3.jpg,left
./completed_changuitos/montage_doiit_46.0_52.45.jpg,right
./completed_changuitos/montage_mvmul_79.19_90.95.jpg,right
./completed_changuitos/montage_omkkr_52.95_46.0.jpg,left
./completed_changuitos/montage_gvywe_210.79_240.75.jpg,right
./completed_changuitos/montage_fmqvr_116.65_103.15.jpg,left
./completed_changuitos/montage_tyfxm_40.55_47.09.jpg,right
./completed_changuitos/montage_cqjrb_60.8_53.49.jpg,left
./completed_changuitos/montage_wiplj_62.39_71.19.jpg,right
./completed_changuitos/montage_kleua_229.79_267.09.jpg,right
./completed_changuitos/montage_bhydp_359.99_316.75.jpg,left
./completed_changuitos/montage_dnqkz_47.75_53.49.jpg,right
./completed_changuitos/montage_khqzc_103.79_119.85.jpg,right
./completed_changuitos/montage_zivpb_58.3_65.95.jpg,right
./completed_changuitos/montage_moshu_242.0_278.09.jpg,right
./completed_changuitos/montage_karus_176.55_200.09.jpg,right
./completed_changuitos/montage_vivjk_49.25_42.69.jpg,left
./completed_changuitos/montage_cadda_111.19_96.3.jpg,left
./completed_changuitos/montage_kykfq_26.75_30.5.jpg,right
./completed_changuitos/montage_bejbn_435.49_384.15.jpg,left
./completed_changuitos/montage_dytgp_110.0_97.39.jpg,left
./completed_changuitos/montage_lzdmo_32.1_36.39.jpg,right
./completed_changuitos/montage_nuwjw_271.79_242.15.jpg,left
./completed_changuitos/montage_nxjbk_220.45_192.59.jpg,left
./completed_changuitos/montage_xwfcg_91.95_80.25.jpg,left
./completed_changuitos/montage_ldidu_102.75_119.85.jpg,right
./completed_changuitos/montage_odfqk_165.85_189.6.jpg,right
./completed_changuitos/montage_daxtl_57.79_50.85.jpg,left
./completed_changuitos/montage_bngmd_447.25_390.0.jpg,left
./completed_changuitos/montage_rkurc_59.85_53.49.jpg,left
./completed_changuitos/montage_spaow_117.15_101.65.jpg,left
./completed_changuitos/montage_exdoh_170.15_195.7.jpg,right
./completed_changuitos/montage_swtry_124.15_145.55.jpg,right
./completed_changuitos/montage_ffqib_77.69_69.55.jpg,left
./completed_changuitos/montage_kkpdj_130.79_151.69.jpg,right
./completed_changuitos/montage_kriax_151.69_170.15.jpg,right
./completed_changuitos/montage_kfsno_248.15_284.09.jpg,right
./completed_changuitos/montage_youpl_59.85_53.49.jpg,left
./completed_changuitos/montage_aiqmv_35.3_39.59.jpg,right
./completed_changuitos/montage_hthed_95.75_111.29.jpg,right
./completed_changuitos/montage_bqbjk_68.49_57.69.jpg,left
./completed_changuitos/montage_qtuhp_105.95_120.9.jpg,right
./completed_changuitos/montage_lclkl_554.25_659.0.jpg,right
./completed_changuitos/montage_bsvsx_37.45_31.99.jpg,left
./completed_changuitos/montage_wevsm_401.25_346.69.jpg,left
./completed_changuitos/montage_yptju_84.55_97.39.jpg,right
./completed_changuitos/montage_evimo_501.49_435.49.jpg,left
./completed_changuitos/montage_twpop_199.9_233.25.jpg,right
./completed_changuitos/montage_pfczg_175.0_148.75.jpg,left
./completed_changuitos/montage_ifzym_90.4_80.05.jpg,left
./completed_changuitos/montage_jqmix_60.49_53.49.jpg,left
./completed_changuitos/montage_moivf_65.85_76.09.jpg,right
./completed_changuitos/montage_afhsr_417.29_359.99.jpg,left
./completed_changuitos/montage_helqc_71.19_61.95.jpg,left
./completed_changuitos/montage_ulfwf_109.89_125.19.jpg,right
./completed_changuitos/montage_ogcgu_87.75_99.85.jpg,right
./completed_changuitos/montage_jteii_133.75_154.09.jpg,right
./completed_changuitos/montage_sdwtw_314.59_369.0.jpg,right
./completed_changuitos/montage_lcfcv_70.29_83.45.jpg,right
./completed_changuitos/montage_upwdj_57.25_49.15.jpg,left
./completed_changuitos/montage_qbbbl_66.25_76.85.jpg,right
./completed_changuitos/montage_pcurc_81.2_70.65.jpg,left
./completed_changuitos/montage_wrvzl_64.19_55.65.jpg,left
./completed_changuitos/montage_isexl_191.55_162.69.jpg,left
./completed_changuitos/montage_miqcj_49.15_55.75.jpg,right
./completed_changuitos/montage_jjuck_61.55_52.95.jpg,left
./completed_changuitos/montage_zaief_41.75_48.69.jpg,right
./completed_changuitos/montage_zqzdf_98.45_113.99.jpg,right
./completed_changuitos/montage_lnjpn_98.35_85.09.jpg,left
./completed_changuitos/montage_riazq_110.1_96.85.jpg,left
./completed_changuitos/montage_avuqs_311.29_271.79.jpg,left
./completed_changuitos/montage_rkjel_75.89_65.39.jpg,left
./completed_changuitos/montage_qvqfo_50.65_56.49.jpg,right
./completed_changuitos/montage_zgjiw_78.65_92.85.jpg,right
./completed_changuitos/montage_bqcba_125.95_106.99.jpg,left
./completed_changuitos/montage_kbnqt_425.85_370.25.jpg,left
./completed_changuitos/montage_nolfp_168.19_147.29.jpg,left
./completed_changuitos/montage_knizt_101.55_87.75.jpg,left
./completed_changuitos/montage_zkqit_176.55_148.39.jpg,left
./completed_changuitos/montage_amgxf_160.49_138.99.jpg,left
./completed_changuitos/montage_htmhs_213.29_189.6.jpg,left
./completed_changuitos/montage_dzlum_160.85_142.2.jpg,left
./completed_changuitos/montage_jpitt_245.69_285.72.jpg,right
./completed_changuitos/montage_buofy_176.0_155.69.jpg,left
./completed_changuitos/montage_kzwij_85.29_73.75.jpg,left
./completed_changuitos/montage_fsikx_284.09_242.79.jpg,left
./completed_changuitos/montage_usdgf_469.9_410.19.jpg,left
./completed_changuitos/montage_cfqtz_79.19_69.0.jpg,left
./completed_changuitos/montage_zrvou_99.5_84.55.jpg,left
./completed_changuitos/montage_pfxlv_31.67_27.29.jpg,left
./completed_changuitos/montage_jcmey_71.69_84.55.jpg,right
./completed_changuitos/montage_htgif_109.69_125.85.jpg,right
./completed_changuitos/montage_ufgyf_499.15_420.5.jpg,left
./completed_changuitos/montage_vkntl_179.25_155.15.jpg,left
./completed_changuitos/montage_ppwqp_193.49_168.19.jpg,left
./completed_changuitos/montage_yblxb_64.95_55.65.jpg,left
./completed_changuitos/montage_zrnmh_89.65_78.0.jpg,left
./completed_changuitos/montage_svokf_149.79_130.79.jpg,left
./completed_changuitos/montage_fxokt_104.85_120.79.jpg,right
./completed_changuitos/montage_fqyot_115.55_131.6.jpg,right
./completed_changuitos/montage_wgtjj_297.45_334.9.jpg,right
./completed_changuitos/montage_jpycp_60.49_71.69.jpg,right
./completed_changuitos/montage_lymyh_54.59_63.15.jpg,right
./completed_changuitos/montage_hkocv_56.19_65.89.jpg,right
./completed_changuitos/montage_jhcia_51.35_43.89.jpg,left
./completed_changuitos/montage_suwjp_90.95_104.65.jpg,right
./completed_changuitos/montage_rxwvk_105.95_90.85.jpg,left
./completed_changuitos/montage_qtkhm_41.19_46.99.jpg,right
./completed_changuitos/montage_htynu_135.89_153.0.jpg,right
./completed_changuitos/montage_nabpr_166.85_191.55.jpg,right
./completed_changuitos/montage_suwii_186.09_214.95.jpg,right
./completed_changuitos/montage_fguye_37.05_31.99.jpg,left
./completed_changuitos/montage_kjkwh_77.05_91.39.jpg,right
./completed_changuitos/montage_ncziq_135.89_160.49.jpg,right
./completed_changuitos/montage_btezv_62.09_70.55.jpg,right
./completed_changuitos/montage_prpkq_106.59_120.9.jpg,right
./completed_changuitos/montage_geima_171.19_194.75.jpg,right
./completed_changuitos/montage_kxwcj_106.79_91.95.jpg,left
./completed_changuitos/montage_rsgrd_40.95_46.79.jpg,right
./completed_changuitos/montage_lzwcv_77.05_66.25.jpg,left
./completed_changuitos/montage_bocfw_212.95_248.15.jpg,right
./completed_changuitos/montage_drjcq_149.79_132.59.jpg,left
./completed_changuitos/montage_igrrq_37.45_33.19.jpg,left
./completed_changuitos/montage_hcrpj_185.1_219.35.jpg,right
./completed_changuitos/montage_lwzhm_29.45_25.99.jpg,left
./completed_changuitos/montage_zgquc_116.65_100.59.jpg,left
./completed_changuitos/montage_zhmed_117.69_100.99.jpg,left
./completed_changuitos/montage_tdnft_48.15_54.89.jpg,right
./completed_changuitos/montage_ducfp_117.69_135.89.jpg,right
./completed_changuitos/montage_dnffk_48.69_56.7.jpg,right
./completed_changuitos/montage_chavx_27.29_32.1.jpg,right
./completed_changuitos/montage_dxlru_106.79_123.05.jpg,right
./completed_changuitos/montage_iglhp_108.09_93.95.jpg,left
./completed_changuitos/montage_glzyd_33.69_29.45.jpg,left
./completed_changuitos/montage_zbnfm_219.89_185.55.jpg,left
./completed_changuitos/montage_lqsvl_74.89_88.8.jpg,right
./completed_changuitos/montage_egbvd_61.95_71.19.jpg,right
./completed_changuitos/montage_yudlz_150.89_133.75.jpg,left
./completed_changuitos/montage_afphs_314.59_272.85.jpg,left
./completed_changuitos/montage_hakea_120.9_139.09.jpg,right
./completed_changuitos/montage_kutrm_29.85_33.69.jpg,right
./completed_changuitos/montage_iukfg_79.19_69.45.jpg,left
./completed_changuitos/montage_dgfeq_117.69_100.59.jpg,left
./completed_changuitos/montage_dyzpz_213.99_250.39.jpg,right
./completed_changuitos/montage_zechy_69.0_58.85.jpg,left
./completed_changuitos/montage_byuco_154.09_135.89.jpg,left
./completed_changuitos/montage_afofp_147.29_127.35.jpg,left
./completed_changuitos/montage_xwppc_79.19_92.9.jpg,right
./completed_changuitos/montage_leeqd_39.59_46.0.jpg,right
./completed_changuitos/montage_oijdg_101.65_115.55.jpg,right
./completed_changuitos/montage_cgcds_119.75_138.05.jpg,right
./completed_changuitos/montage_gfhty_40.55_35.55.jpg,left
./completed_changuitos/montage_cnpxm_170.15_150.79.jpg,left
./completed_changuitos/montage_tucft_55.65_49.25.jpg,left
./completed_changuitos/montage_ewged_105.95_91.95.jpg,left
./completed_changuitos/montage_cwoic_71.45_63.9.jpg,left
./completed_changuitos/montage_edgkd_64.19_54.79.jpg,left
./completed_changuitos/montage_idsvk_170.15_194.75.jpg,right
./completed_changuitos/montage_yucep_320.45_365.95.jpg,right
./completed_changuitos/montage_cqwgs_125.19_107.99.jpg,left
./completed_changuitos/montage_oqpdt_99.5_86.69.jpg,left
./completed_changuitos/montage_ztnlg_113.45_98.45.jpg,left
./completed_changuitos/montage_wujxq_31.64_35.3.jpg,right
./completed_changuitos/montage_wbttv_168.95_199.9.jpg,right
./completed_changuitos/montage_bfliz_38.0_44.65.jpg,right
./completed_changuitos/montage_akkqu_37.35_42.79.jpg,right
./completed_changuitos/montage_exmfy_189.39_213.99.jpg,right
./completed_changuitos/montage_dimth_31.05_26.75.jpg,left
./completed_changuitos/montage_rukov_160.49_140.8.jpg,left
./completed_changuitos/montage_igrai_57.25_67.19.jpg,right
./completed_changuitos/montage_xqavz_27.29_32.09.jpg,right
./completed_changuitos/montage_wrdaf_92.99_108.09.jpg,right
./completed_changuitos/montage_kxsla_31.67_27.39.jpg,left
./completed_changuitos/montage_uhriv_62.05_54.49.jpg,left
./completed_changuitos/montage_mdklw_199.9_174.4.jpg,left
./completed_changuitos/montage_kzetc_113.35_96.29.jpg,left
./completed_changuitos/montage_wjxoa_266.35_309.25.jpg,right
./completed_changuitos/montage_ukogj_41.09_47.09.jpg,right
./completed_changuitos/montage_kyjxm_59.9_51.25.jpg,left
./completed_changuitos/montage_tsdro_73.5_85.59.jpg,right
./completed_changuitos/montage_cgdku_68.49_81.35.jpg,right
./completed_changuitos/montage_xmovw_49.15_43.35.jpg,left
./completed_changuitos/montage_ygibt_245.69_209.75.jpg,left
./completed_changuitos/montage_hljfs_138.99_120.89.jpg,left
./completed_changuitos/montage_csuvx_163.7_189.0.jpg,right
./completed_changuitos/montage_uerbw_476.15_410.19.jpg,left
./completed_changuitos/montage_dbqpk_63.15_54.05.jpg,left
./completed_changuitos/montage_yiucc_125.95_105.95.jpg,left
./completed_changuitos/montage_ttkvx_366.69_410.19.jpg,right
./completed_changuitos/montage_mofpc_60.49_52.95.jpg,left
./completed_changuitos/montage_jygaf_77.05_87.65.jpg,right
./completed_changuitos/montage_iznjr_28.9_32.75.jpg,right
./completed_changuitos/montage_tshzc_190.45_217.2.jpg,right
./completed_changuitos/montage_paixq_51.69_59.85.jpg,right
./completed_changuitos/montage_flzhn_131.6_149.79.jpg,right
./completed_changuitos/montage_gmovg_99.5_86.69.jpg,left
./completed_changuitos/montage_jkwor_30.5_26.75.jpg,left
./completed_changuitos/montage_fvqog_94.15_83.45.jpg,left
./completed_changuitos/montage_jnnip_42.99_50.19.jpg,right
./completed_changuitos/montage_voium_46.79_40.95.jpg,left
./completed_changuitos/montage_wvuak_514.69_454.75.jpg,left
./completed_changuitos/montage_zlfcm_109.15_126.99.jpg,right
./completed_changuitos/montage_jxjfb_39.49_46.0.jpg,right
./completed_changuitos/montage_qipgw_47.09_53.49.jpg,right
./completed_changuitos/montage_ascut_131.6_114.0.jpg,left
./completed_changuitos/montage_hzesm_438.9_512.55.jpg,right
./completed_changuitos/montage_uismp_44.13_51.69.jpg,right
./completed_changuitos/montage_guyao_67.9_76.95.jpg,right
./completed_changuitos/montage_zncoe_55.0_63.05.jpg,right
./completed_changuitos/montage_cofpo_87.75_101.65.jpg,right
./completed_changuitos/montage_ociev_157.29_181.89.jpg,right
./completed_changuitos/montage_hpumd_179.75_156.25.jpg,left
./completed_changuitos/montage_gnmrm_278.19_317.79.jpg,right
./completed_changuitos/montage_zrxgs_62.05_54.05.jpg,left
./completed_changuitos/montage_fkqfz_47.09_54.49.jpg,right
./completed_changuitos/montage_yyvyr_123.05_106.99.jpg,left
./completed_changuitos/montage_tkvms_86.45_73.5.jpg,left
./completed_changuitos/montage_crgac_160.49_180.85.jpg,right
./completed_changuitos/montage_ijjwd_101.65_87.75.jpg,left
./completed_changuitos/montage_tihii_100.05_86.69.jpg,left
./completed_changuitos/montage_ezbkp_31.67_36.39.jpg,right
./completed_changuitos/montage_kgogj_56.6_49.25.jpg,left
./completed_changuitos/montage_stsip_26.75_30.95.jpg,right
./completed_changuitos/montage_qnith_149.79_129.9.jpg,left
./completed_changuitos/montage_iwvjp_246.09_283.55.jpg,right
./completed_changuitos/montage_elvcz_243.95_214.99.jpg,left
./completed_changuitos/montage_rdhep_83.35_72.75.jpg,left
./completed_changuitos/montage_gokxb_222.45_262.15.jpg,right
./completed_changuitos/montage_fsati_176.55_155.15.jpg,left
./completed_changuitos/montage_fmczl_51.35_58.85.jpg,right
./completed_changuitos/montage_rwnur_62.05_55.45.jpg,left
./completed_changuitos/montage_rpbau_74.89_85.95.jpg,right
./completed_changuitos/montage_kvbed_144.45_162.69.jpg,right
./completed_changuitos/montage_ceqoi_174.65_155.15.jpg,left
./completed_changuitos/montage_umghn_131.6_114.49.jpg,left
./completed_changuitos/montage_xgmhf_63.15_53.49.jpg,left
./completed_changuitos/montage_cgopq_189.6_163.7.jpg,left
./completed_changuitos/montage_uhnkn_92.85_106.99.jpg,right
./completed_changuitos/montage_apvbk_96.29_108.09.jpg,right
./completed_changuitos/montage_znpxo_52.95_60.99.jpg,right
./completed_changuitos/montage_oxsjk_126.99_112.35.jpg,left
./completed_changuitos/montage_qzrlf_131.6_149.79.jpg,right
./completed_changuitos/montage_ibzoh_85.49_74.89.jpg,left
./completed_changuitos/montage_acsfb_104.85_89.89.jpg,left
./completed_changuitos/montage_gufsa_95.25_109.69.jpg,right
./completed_changuitos/montage_qybhp_619.99_539.9.jpg,left
./completed_changuitos/montage_npbnm_124.99_108.59.jpg,left
./completed_changuitos/montage_txcjm_64.99_57.25.jpg,left
./completed_changuitos/montage_jutpp_113.99_127.15.jpg,right
./completed_changuitos/montage_qaore_66.65_77.05.jpg,right
./completed_changuitos/montage_majoi_114.49_102.65.jpg,left
./completed_changuitos/montage_nqwqa_221.49_255.75.jpg,right
./completed_changuitos/montage_yqxjv_86.69_98.55.jpg,right
